ID,State,Commodity,Cause of Loss,Payment Indemnity,Payment Acreage,Year
41,New Mexico,Wheat,Drought,1240924.73,49411.155885,1989
21,Indiana,Wheat,Drought,5465.7,200.7585,1989
37,Oklahoma,Wheat,Drought,2910439.1,128376.097625,1989
46,Arkansas,Wheat,Drought,31610.8,817.365,1989
6,Wyoming,Wheat,Drought,476013.35,24828.77392,1989
11,Oregon,Wheat,Drought,1103478.25,58464.809485,1989
5,South Dakota,Wheat,Drought,11196870.35,601523.67596,1989
43,Mississippi,Wheat,Drought,218.0,182.8,1989
26,Illinois,Wheat,Drought,63327.4,1310.1982,1989
2,Montana,Wheat,Drought,12042123.29,745504.571395,1989
15,Nebraska,Wheat,Drought,7085691.16,245362.527386,1989
33,Kansas,Wheat,Drought,53174294.93,1279118.988271,1989
10,Minnesota,Wheat,Drought,3961028.59,175282.93507,1989
44,Georgia,Wheat,Drought,173225.3,4637.206,1989
24,California,Wheat,Drought,673890.0,19427.245,1989
7,Wisconsin,Wheat,Drought,8638.0,320.3,1989
42,Alabama,Wheat,Drought,2698.2,147.95,1989
13,Iowa,Wheat,Drought,24755.0,881.05,1989
25,Ohio,Wheat,Drought,9585.0,278.66,1989
49,Michigan,Wheat,Drought,35667.0,1256.3073,1989
40,Texas,Wheat,Drought,9173231.73,408770.512189,1989
31,Colorado,Wheat,Drought,3283528.95,125218.019735,1989
1,Washington,Wheat,Drought,5648580.35,323015.411955,1989
35,Missouri,Wheat,Drought,307854.4,10711.08436,1989
45,South Carolina,Wheat,Drought,408.0,12.5,1989
4,North Dakota,Wheat,Drought,55032094.96,2814246.958839,1989
23,Utah,Wheat,Drought,278779.95,12932.78,1989
48,Florida,Wheat,Drought,233.0,7.6,1989
47,Louisiana,Wheat,Drought,4475.0,61.9,1989
8,Idaho,Wheat,Drought,1475297.75,55953.520785,1989
3,Maine,Wheat,Drought,0.0,0.0,1989
9,Vermont,Wheat,Drought,0.0,0.0,1989
12,New Hampshire,Wheat,Drought,0.0,0.0,1989
14,Massachusetts,Wheat,Drought,0.0,0.0,1989
16,New York,Wheat,Drought,0.0,0.0,1989
17,Pennsylvania,Wheat,Drought,0.0,0.0,1989
18,Connecticut,Wheat,Drought,0.0,0.0,1989
19,Rhode Island,Wheat,Drought,0.0,0.0,1989
20,New Jersey,Wheat,Drought,0.0,0.0,1989
22,Nevada,Wheat,Drought,0.0,0.0,1989
28,Delaware,Wheat,Drought,0.0,0.0,1989
29,West Virginia,Wheat,Drought,0.0,0.0,1989
30,Maryland,Wheat,Drought,0.0,0.0,1989
32,Kentucky,Wheat,Drought,0.0,0.0,1989
34,Virginia,Wheat,Drought,0.0,0.0,1989
36,Arizona,Wheat,Drought,0.0,0.0,1989
38,North Carolina,Wheat,Drought,0.0,0.0,1989
39,Tennessee,Wheat,Drought,0.0,0.0,1989
41,New Mexico,Wheat,Drought,921860.69,51703.40383,1990
37,Oklahoma,Wheat,Drought,2331991.5,93091.90592,1990
46,Arkansas,Wheat,Drought,3756.0,328.2,1990
6,Wyoming,Wheat,Drought,145576.4,7931.5383,1990
11,Oregon,Wheat,Drought,2160055.6,108492.3217,1990
38,North Carolina,Wheat,Drought,11177.0,318.1,1990
5,South Dakota,Wheat,Drought,3313232.95,149213.07601,1990
26,Illinois,Wheat,Drought,34066.6,418.1,1990
2,Montana,Wheat,Drought,24423104.76,1025388.761729,1990
15,Nebraska,Wheat,Drought,920197.74,40545.61169,1990
33,Kansas,Wheat,Drought,1943680.55,80881.501171,1990
10,Minnesota,Wheat,Drought,1999590.3,64577.87028,1990
44,Georgia,Wheat,Drought,143763.35,4291.93,1990
24,California,Wheat,Drought,209403.6,7823.2886,1990
42,Alabama,Wheat,Drought,8436.0,210.8,1990
25,Ohio,Wheat,Drought,408.0,21.5,1990
49,Michigan,Wheat,Drought,6933.1,241.4,1990
40,Texas,Wheat,Drought,10230724.67,448162.503593,1990
31,Colorado,Wheat,Drought,690659.9,24368.26526,1990
1,Washington,Wheat,Drought,3262967.2,122046.99733,1990
35,Missouri,Wheat,Drought,9392.2,310.0727,1990
45,South Carolina,Wheat,Drought,27864.3,664.565,1990
4,North Dakota,Wheat,Drought,18467142.74,793534.32546,1990
23,Utah,Wheat,Drought,577707.65,21388.05428,1990
48,Florida,Wheat,Drought,7069.0,209.6,1990
47,Louisiana,Wheat,Drought,10728.69,164.97,1990
8,Idaho,Wheat,Drought,430197.94,21281.63161,1990
3,Maine,Wheat,Drought,0.0,0.0,1990
7,Wisconsin,Wheat,Drought,0.0,0.0,1990
9,Vermont,Wheat,Drought,0.0,0.0,1990
12,New Hampshire,Wheat,Drought,0.0,0.0,1990
13,Iowa,Wheat,Drought,0.0,0.0,1990
14,Massachusetts,Wheat,Drought,0.0,0.0,1990
16,New York,Wheat,Drought,0.0,0.0,1990
17,Pennsylvania,Wheat,Drought,0.0,0.0,1990
18,Connecticut,Wheat,Drought,0.0,0.0,1990
19,Rhode Island,Wheat,Drought,0.0,0.0,1990
20,New Jersey,Wheat,Drought,0.0,0.0,1990
21,Indiana,Wheat,Drought,0.0,0.0,1990
22,Nevada,Wheat,Drought,0.0,0.0,1990
28,Delaware,Wheat,Drought,0.0,0.0,1990
29,West Virginia,Wheat,Drought,0.0,0.0,1990
30,Maryland,Wheat,Drought,0.0,0.0,1990
32,Kentucky,Wheat,Drought,0.0,0.0,1990
34,Virginia,Wheat,Drought,0.0,0.0,1990
36,Arizona,Wheat,Drought,0.0,0.0,1990
39,Tennessee,Wheat,Drought,0.0,0.0,1990
43,Mississippi,Wheat,Drought,0.0,0.0,1990
41,New Mexico,Wheat,Drought,698217.81,48438.858905,1991
21,Indiana,Wheat,Drought,1176.4,45.42262,1991
37,Oklahoma,Wheat,Drought,12763805.19,456029.354179,1991
46,Arkansas,Wheat,Drought,32664.0,388.1,1991
6,Wyoming,Wheat,Drought,58379.65,2424.392,1991
11,Oregon,Wheat,Drought,2874300.8,108892.197655,1991
38,North Carolina,Wheat,Drought,10108.5,462.27,1991
5,South Dakota,Wheat,Drought,1469766.93,65106.49328,1991
43,Mississippi,Wheat,Drought,3205.0,73.35,1991
26,Illinois,Wheat,Drought,6570.4,232.81,1991
2,Montana,Wheat,Drought,508924.82,32109.65597,1991
15,Nebraska,Wheat,Drought,965997.62,36036.467765,1991
33,Kansas,Wheat,Drought,4649944.6,205675.430856,1991
10,Minnesota,Wheat,Drought,8773786.2,265849.68922,1991
16,New York,Wheat,Drought,1622.45,85.8,1991
44,Georgia,Wheat,Drought,400.0,10.0,1991
24,California,Wheat,Drought,251142.0,9129.59,1991
7,Wisconsin,Wheat,Drought,6606.0,271.7,1991
42,Alabama,Wheat,Drought,6590.8,125.64,1991
13,Iowa,Wheat,Drought,31.0,1.55,1991
25,Ohio,Wheat,Drought,7723.06,360.164,1991
49,Michigan,Wheat,Drought,9053.0,401.9512,1991
40,Texas,Wheat,Drought,10725506.67,468909.557695,1991
31,Colorado,Wheat,Drought,289400.18,18123.29651,1991
1,Washington,Wheat,Drought,4222290.02,175649.710281,1991
35,Missouri,Wheat,Drought,6392.8,134.18,1991
4,North Dakota,Wheat,Drought,5749697.87,310006.132854,1991
39,Tennessee,Wheat,Drought,918.9,12.78,1991
23,Utah,Wheat,Drought,284812.55,12906.15298,1991
47,Louisiana,Wheat,Drought,10737.0,144.3,1991
8,Idaho,Wheat,Drought,287135.8,13926.92382,1991
34,Virginia,Wheat,Drought,5672.0,120.0,1991
3,Maine,Wheat,Drought,0.0,0.0,1991
9,Vermont,Wheat,Drought,0.0,0.0,1991
12,New Hampshire,Wheat,Drought,0.0,0.0,1991
14,Massachusetts,Wheat,Drought,0.0,0.0,1991
17,Pennsylvania,Wheat,Drought,0.0,0.0,1991
18,Connecticut,Wheat,Drought,0.0,0.0,1991
19,Rhode Island,Wheat,Drought,0.0,0.0,1991
20,New Jersey,Wheat,Drought,0.0,0.0,1991
22,Nevada,Wheat,Drought,0.0,0.0,1991
28,Delaware,Wheat,Drought,0.0,0.0,1991
29,West Virginia,Wheat,Drought,0.0,0.0,1991
30,Maryland,Wheat,Drought,0.0,0.0,1991
32,Kentucky,Wheat,Drought,0.0,0.0,1991
36,Arizona,Wheat,Drought,0.0,0.0,1991
45,South Carolina,Wheat,Drought,0.0,0.0,1991
48,Florida,Wheat,Drought,0.0,0.0,1991
41,New Mexico,Wheat,Drought,13570.5,684.1357,1992
21,Indiana,Wheat,Drought,79344.5,1041.1225,1992
37,Oklahoma,Wheat,Drought,2249104.92,101496.400981,1992
46,Arkansas,Wheat,Drought,8105.6,173.4408,1992
6,Wyoming,Wheat,Drought,262998.2,12364.79085,1992
11,Oregon,Wheat,Drought,5153031.4,216582.516858,1992
38,North Carolina,Wheat,Drought,2582.0,91.9,1992
5,South Dakota,Wheat,Drought,3994082.28,138095.67115,1992
43,Mississippi,Wheat,Drought,108445.0,2995.04,1992
26,Illinois,Wheat,Drought,15371.4,254.3164,1992
2,Montana,Wheat,Drought,30654610.9,911426.399491,1992
15,Nebraska,Wheat,Drought,1182255.99,38814.477988,1992
33,Kansas,Wheat,Drought,11049714.22,447310.053001,1992
10,Minnesota,Wheat,Drought,100119.5,3283.99906,1992
44,Georgia,Wheat,Drought,22997.6,797.8,1992
24,California,Wheat,Drought,20849.0,1215.5,1992
7,Wisconsin,Wheat,Drought,18079.0,576.3,1992
42,Alabama,Wheat,Drought,13625.25,312.6,1992
13,Iowa,Wheat,Drought,1241.0,24.1,1992
25,Ohio,Wheat,Drought,45803.32,781.415,1992
49,Michigan,Wheat,Drought,13349.24,460.72723,1992
40,Texas,Wheat,Drought,398925.84,18430.523857,1992
31,Colorado,Wheat,Drought,1158300.32,50960.2402,1992
1,Washington,Wheat,Drought,7780277.72,393196.591086,1992
35,Missouri,Wheat,Drought,43680.56,987.886139,1992
32,Kentucky,Wheat,Drought,450.0,14.5,1992
45,South Carolina,Wheat,Drought,1035.0,26.3,1992
4,North Dakota,Wheat,Drought,1003525.63,60862.06203,1992
39,Tennessee,Wheat,Drought,58200.0,541.0,1992
23,Utah,Wheat,Drought,245132.15,11749.6971,1992
48,Florida,Wheat,Drought,158.0,21.4,1992
8,Idaho,Wheat,Drought,2372240.05,67858.96884,1992
34,Virginia,Wheat,Drought,927.2,18.44,1992
3,Maine,Wheat,Drought,0.0,0.0,1992
9,Vermont,Wheat,Drought,0.0,0.0,1992
12,New Hampshire,Wheat,Drought,0.0,0.0,1992
14,Massachusetts,Wheat,Drought,0.0,0.0,1992
16,New York,Wheat,Drought,0.0,0.0,1992
17,Pennsylvania,Wheat,Drought,0.0,0.0,1992
18,Connecticut,Wheat,Drought,0.0,0.0,1992
19,Rhode Island,Wheat,Drought,0.0,0.0,1992
20,New Jersey,Wheat,Drought,0.0,0.0,1992
22,Nevada,Wheat,Drought,0.0,0.0,1992
28,Delaware,Wheat,Drought,0.0,0.0,1992
29,West Virginia,Wheat,Drought,0.0,0.0,1992
30,Maryland,Wheat,Drought,0.0,0.0,1992
36,Arizona,Wheat,Drought,0.0,0.0,1992
47,Louisiana,Wheat,Drought,0.0,0.0,1992
41,New Mexico,Wheat,Drought,367555.21,22065.329715,1993
21,Indiana,Wheat,Drought,7.0,16.0,1993
37,Oklahoma,Wheat,Drought,1068693.59,42158.77852,1993
46,Arkansas,Wheat,Drought,18698.0,525.95,1993
6,Wyoming,Wheat,Drought,20006.1,844.8404,1993
11,Oregon,Wheat,Drought,3844.0,289.86,1993
38,North Carolina,Wheat,Drought,7435.4,349.91,1993
5,South Dakota,Wheat,Drought,76244.2,3821.68185,1993
26,Illinois,Wheat,Drought,5706.75,125.85,1993
2,Montana,Wheat,Drought,261864.68,17898.89556,1993
15,Nebraska,Wheat,Drought,34737.71,1519.45846,1993
33,Kansas,Wheat,Drought,238855.11,7778.063912,1993
10,Minnesota,Wheat,Drought,95651.7,1723.0,1993
44,Georgia,Wheat,Drought,12655.6,603.91,1993
7,Wisconsin,Wheat,Drought,654.0,14.5,1993
42,Alabama,Wheat,Drought,10389.6,277.19,1993
25,Ohio,Wheat,Drought,2085.4,100.14,1993
49,Michigan,Wheat,Drought,7889.4,141.73,1993
40,Texas,Wheat,Drought,2521682.59,139282.891342,1993
31,Colorado,Wheat,Drought,146022.49,7102.526116,1993
1,Washington,Wheat,Drought,482521.89,43616.21414,1993
35,Missouri,Wheat,Drought,2266.2,182.2908,1993
45,South Carolina,Wheat,Drought,34487.6,952.3175,1993
4,North Dakota,Wheat,Drought,104137.5,2608.1372,1993
23,Utah,Wheat,Drought,103754.63,9659.3163,1993
48,Florida,Wheat,Drought,1450.1,119.2,1993
47,Louisiana,Wheat,Drought,19266.0,513.1602,1993
8,Idaho,Wheat,Drought,7252.25,549.6,1993
34,Virginia,Wheat,Drought,3720.0,125.2,1993
3,Maine,Wheat,Drought,0.0,0.0,1993
9,Vermont,Wheat,Drought,0.0,0.0,1993
12,New Hampshire,Wheat,Drought,0.0,0.0,1993
13,Iowa,Wheat,Drought,0.0,0.0,1993
14,Massachusetts,Wheat,Drought,0.0,0.0,1993
16,New York,Wheat,Drought,0.0,0.0,1993
17,Pennsylvania,Wheat,Drought,0.0,0.0,1993
18,Connecticut,Wheat,Drought,0.0,0.0,1993
19,Rhode Island,Wheat,Drought,0.0,0.0,1993
20,New Jersey,Wheat,Drought,0.0,0.0,1993
22,Nevada,Wheat,Drought,0.0,0.0,1993
24,California,Wheat,Drought,0.0,0.0,1993
28,Delaware,Wheat,Drought,0.0,0.0,1993
29,West Virginia,Wheat,Drought,0.0,0.0,1993
30,Maryland,Wheat,Drought,0.0,0.0,1993
32,Kentucky,Wheat,Drought,0.0,0.0,1993
36,Arizona,Wheat,Drought,0.0,0.0,1993
39,Tennessee,Wheat,Drought,0.0,0.0,1993
43,Mississippi,Wheat,Drought,0.0,0.0,1993
41,New Mexico,Wheat,Drought,410459.18,25414.83294,1994
21,Indiana,Wheat,Drought,1593.2,45.46,1994
37,Oklahoma,Wheat,Drought,15531613.8,638406.959888,1994
46,Arkansas,Wheat,Drought,2234.0,81.9,1994
6,Wyoming,Wheat,Drought,158632.07,9546.282077,1994
11,Oregon,Wheat,Drought,178926.0,9657.45614,1994
38,North Carolina,Wheat,Drought,40343.4,1345.785,1994
5,South Dakota,Wheat,Drought,1426840.54,79373.302414,1994
26,Illinois,Wheat,Drought,8449.5,406.4722,1994
2,Montana,Wheat,Drought,4490986.04,232539.712167,1994
15,Nebraska,Wheat,Drought,678297.13,38124.733466,1994
33,Kansas,Wheat,Drought,2826266.28,104273.618884,1994
10,Minnesota,Wheat,Drought,196590.72,6862.952958,1994
44,Georgia,Wheat,Drought,7956.0,533.0,1994
24,California,Wheat,Drought,74724.0,2135.1,1994
7,Wisconsin,Wheat,Drought,7556.09,293.722,1994
13,Iowa,Wheat,Drought,802.0,38.5,1994
25,Ohio,Wheat,Drought,10824.58,363.456,1994
49,Michigan,Wheat,Drought,6703.3,232.0085,1994
40,Texas,Wheat,Drought,11049618.71,523570.974038,1994
31,Colorado,Wheat,Drought,2094712.84,116832.951613,1994
1,Washington,Wheat,Drought,2498249.77,118499.855822,1994
35,Missouri,Wheat,Drought,15645.7,408.1049,1994
32,Kentucky,Wheat,Drought,2835.0,57.7,1994
45,South Carolina,Wheat,Drought,603.0,22.9,1994
4,North Dakota,Wheat,Drought,1658323.8,79144.400722,1994
23,Utah,Wheat,Drought,75111.22,3603.5812,1994
8,Idaho,Wheat,Drought,1157702.17,46845.048586,1994
34,Virginia,Wheat,Drought,3876.36,73.031,1994
3,Maine,Wheat,Drought,0.0,0.0,1994
9,Vermont,Wheat,Drought,0.0,0.0,1994
12,New Hampshire,Wheat,Drought,0.0,0.0,1994
14,Massachusetts,Wheat,Drought,0.0,0.0,1994
16,New York,Wheat,Drought,0.0,0.0,1994
17,Pennsylvania,Wheat,Drought,0.0,0.0,1994
18,Connecticut,Wheat,Drought,0.0,0.0,1994
19,Rhode Island,Wheat,Drought,0.0,0.0,1994
20,New Jersey,Wheat,Drought,0.0,0.0,1994
22,Nevada,Wheat,Drought,0.0,0.0,1994
28,Delaware,Wheat,Drought,0.0,0.0,1994
29,West Virginia,Wheat,Drought,0.0,0.0,1994
30,Maryland,Wheat,Drought,0.0,0.0,1994
36,Arizona,Wheat,Drought,0.0,0.0,1994
39,Tennessee,Wheat,Drought,0.0,0.0,1994
42,Alabama,Wheat,Drought,0.0,0.0,1994
43,Mississippi,Wheat,Drought,0.0,0.0,1994
47,Louisiana,Wheat,Drought,0.0,0.0,1994
48,Florida,Wheat,Drought,0.0,0.0,1994
41,New Mexico,Wheat,Drought,2457165.96,155429.536253,1995
21,Indiana,Wheat,Drought,4077.68,153.865,1995
37,Oklahoma,Wheat,Drought,7153648.15,303077.311484,1995
46,Arkansas,Wheat,Drought,26339.47,624.88,1995
6,Wyoming,Wheat,Drought,13365.34,542.06752,1995
11,Oregon,Wheat,Drought,77085.0,3722.2972,1995
38,North Carolina,Wheat,Drought,213880.44,7678.3252,1995
5,South Dakota,Wheat,Drought,68899.41,3897.41435,1995
43,Mississippi,Wheat,Drought,3013.2,134.9,1995
26,Illinois,Wheat,Drought,5464.4,370.48,1995
2,Montana,Wheat,Drought,2297497.64,85093.330755,1995
15,Nebraska,Wheat,Drought,72238.05,2318.88526,1995
33,Kansas,Wheat,Drought,811947.37,33824.944088,1995
10,Minnesota,Wheat,Drought,888007.04,31370.40634,1995
16,New York,Wheat,Drought,4053.0,137.1,1995
44,Georgia,Wheat,Drought,139442.2,7869.13,1995
7,Wisconsin,Wheat,Drought,38927.19,937.351,1995
42,Alabama,Wheat,Drought,10492.4,1428.25,1995
13,Iowa,Wheat,Drought,13.23,3.5035,1995
25,Ohio,Wheat,Drought,1160.0,174.8,1995
49,Michigan,Wheat,Drought,41684.23,1388.276196,1995
40,Texas,Wheat,Drought,14900754.25,829323.480542,1995
31,Colorado,Wheat,Drought,304851.24,12687.459854,1995
1,Washington,Wheat,Drought,728270.95,37207.970425,1995
35,Missouri,Wheat,Drought,4036.33,157.66862,1995
32,Kentucky,Wheat,Drought,2793.0,117.345,1995
45,South Carolina,Wheat,Drought,453317.35,29881.972,1995
20,New Jersey,Wheat,Drought,68.0,37.4,1995
4,North Dakota,Wheat,Drought,1208478.74,45739.173761,1995
23,Utah,Wheat,Drought,318.6,18.0,1995
48,Florida,Wheat,Drought,12435.0,767.9,1995
30,Maryland,Wheat,Drought,150.0,64.3,1995
8,Idaho,Wheat,Drought,3154.0,567.0,1995
17,Pennsylvania,Wheat,Drought,1414.6,92.6,1995
34,Virginia,Wheat,Drought,28391.05,482.87,1995
3,Maine,Wheat,Drought,0.0,0.0,1995
9,Vermont,Wheat,Drought,0.0,0.0,1995
12,New Hampshire,Wheat,Drought,0.0,0.0,1995
14,Massachusetts,Wheat,Drought,0.0,0.0,1995
18,Connecticut,Wheat,Drought,0.0,0.0,1995
19,Rhode Island,Wheat,Drought,0.0,0.0,1995
22,Nevada,Wheat,Drought,0.0,0.0,1995
24,California,Wheat,Drought,0.0,0.0,1995
28,Delaware,Wheat,Drought,0.0,0.0,1995
29,West Virginia,Wheat,Drought,0.0,0.0,1995
36,Arizona,Wheat,Drought,0.0,0.0,1995
39,Tennessee,Wheat,Drought,0.0,0.0,1995
47,Louisiana,Wheat,Drought,0.0,0.0,1995
41,New Mexico,Wheat,Drought,3321199.2,194504.220545,1996
21,Indiana,Wheat,Drought,109141.85,3150.863215,1996
37,Oklahoma,Wheat,Drought,51218910.14,2286606.757425,1996
46,Arkansas,Wheat,Drought,115981.45,2034.01075,1996
6,Wyoming,Wheat,Drought,41056.96,2494.528488,1996
11,Oregon,Wheat,Drought,43274.0,1223.3468,1996
38,North Carolina,Wheat,Drought,9324.1,282.1729,1996
5,South Dakota,Wheat,Drought,118206.63,5859.645461,1996
43,Mississippi,Wheat,Drought,21193.6,449.62,1996
26,Illinois,Wheat,Drought,89170.2,928.14398,1996
2,Montana,Wheat,Drought,8770727.21,481422.461399,1996
15,Nebraska,Wheat,Drought,1257482.65,37306.424726,1996
33,Kansas,Wheat,Drought,39569172.54,1279040.731808,1996
10,Minnesota,Wheat,Drought,142609.69,4977.16755,1996
44,Georgia,Wheat,Drought,3282.0,179.8,1996
24,California,Wheat,Drought,67679.6,7402.475,1996
7,Wisconsin,Wheat,Drought,2869.15,103.65,1996
42,Alabama,Wheat,Drought,253.75,30.275,1996
13,Iowa,Wheat,Drought,69015.9,1082.2238,1996
25,Ohio,Wheat,Drought,7207.4,130.1912,1996
49,Michigan,Wheat,Drought,8805.46,356.05532,1996
40,Texas,Wheat,Drought,32812333.81,1747627.958882,1996
31,Colorado,Wheat,Drought,11093924.64,368301.370265,1996
1,Washington,Wheat,Drought,189760.35,8906.6163,1996
35,Missouri,Wheat,Drought,173278.66,6695.621529,1996
32,Kentucky,Wheat,Drought,7240.2,176.03,1996
45,South Carolina,Wheat,Drought,15489.25,780.45,1996
4,North Dakota,Wheat,Drought,2398687.73,115052.003935,1996
39,Tennessee,Wheat,Drought,403.9,32.0115,1996
23,Utah,Wheat,Drought,387449.5,24506.4227,1996
47,Louisiana,Wheat,Drought,32021.6,762.525,1996
8,Idaho,Wheat,Drought,119596.77,4178.241965,1996
34,Virginia,Wheat,Drought,1044.0,38.7,1996
3,Maine,Wheat,Drought,0.0,0.0,1996
9,Vermont,Wheat,Drought,0.0,0.0,1996
12,New Hampshire,Wheat,Drought,0.0,0.0,1996
14,Massachusetts,Wheat,Drought,0.0,0.0,1996
16,New York,Wheat,Drought,0.0,0.0,1996
17,Pennsylvania,Wheat,Drought,0.0,0.0,1996
18,Connecticut,Wheat,Drought,0.0,0.0,1996
19,Rhode Island,Wheat,Drought,0.0,0.0,1996
20,New Jersey,Wheat,Drought,0.0,0.0,1996
22,Nevada,Wheat,Drought,0.0,0.0,1996
28,Delaware,Wheat,Drought,0.0,0.0,1996
29,West Virginia,Wheat,Drought,0.0,0.0,1996
30,Maryland,Wheat,Drought,0.0,0.0,1996
36,Arizona,Wheat,Drought,0.0,0.0,1996
48,Florida,Wheat,Drought,0.0,0.0,1996
41,New Mexico,Wheat,Drought,3722.5,7616.267,1997
21,Indiana,Wheat,Drought,5136.0,52.25,1997
37,Oklahoma,Wheat,Drought,93913.6,3496.484382,1997
46,Arkansas,Wheat,Drought,17194.0,1015.0,1997
6,Wyoming,Wheat,Drought,18729.85,872.825802,1997
11,Oregon,Wheat,Drought,7236.6,438.9,1997
38,North Carolina,Wheat,Drought,37294.5,738.8,1997
5,South Dakota,Wheat,Drought,1040313.31,49334.41322,1997
43,Mississippi,Wheat,Drought,15097.2,199.32,1997
26,Illinois,Wheat,Drought,8236.1,255.313,1997
2,Montana,Wheat,Drought,3382637.83,182306.651949,1997
15,Nebraska,Wheat,Drought,470452.34,17274.031128,1997
33,Kansas,Wheat,Drought,1793371.5,68728.076224,1997
10,Minnesota,Wheat,Drought,601098.87,18567.799847,1997
44,Georgia,Wheat,Drought,321538.05,7985.765,1997
24,California,Wheat,Drought,270991.17,24449.5928,1997
7,Wisconsin,Wheat,Drought,8692.3,185.165,1997
42,Alabama,Wheat,Drought,15874.2,501.7,1997
25,Ohio,Wheat,Drought,4945.3,88.864,1997
49,Michigan,Wheat,Drought,23986.35,444.072,1997
40,Texas,Wheat,Drought,1414425.56,58341.81898,1997
31,Colorado,Wheat,Drought,1980548.74,84112.076642,1997
1,Washington,Wheat,Drought,19737.2,850.349,1997
35,Missouri,Wheat,Drought,2333.0,72.024,1997
45,South Carolina,Wheat,Drought,4004.0,134.1,1997
4,North Dakota,Wheat,Drought,36235234.26,1334140.810295,1997
23,Utah,Wheat,Drought,47123.4,3837.61972,1997
48,Florida,Wheat,Drought,20627.0,602.1,1997
8,Idaho,Wheat,Drought,24168.1,1842.51265,1997
17,Pennsylvania,Wheat,Drought,917.8,59.24,1997
34,Virginia,Wheat,Drought,432.0,19.425,1997
3,Maine,Wheat,Drought,0.0,0.0,1997
9,Vermont,Wheat,Drought,0.0,0.0,1997
12,New Hampshire,Wheat,Drought,0.0,0.0,1997
13,Iowa,Wheat,Drought,0.0,0.0,1997
14,Massachusetts,Wheat,Drought,0.0,0.0,1997
16,New York,Wheat,Drought,0.0,0.0,1997
18,Connecticut,Wheat,Drought,0.0,0.0,1997
19,Rhode Island,Wheat,Drought,0.0,0.0,1997
20,New Jersey,Wheat,Drought,0.0,0.0,1997
22,Nevada,Wheat,Drought,0.0,0.0,1997
28,Delaware,Wheat,Drought,0.0,0.0,1997
29,West Virginia,Wheat,Drought,0.0,0.0,1997
30,Maryland,Wheat,Drought,0.0,0.0,1997
32,Kentucky,Wheat,Drought,0.0,0.0,1997
36,Arizona,Wheat,Drought,0.0,0.0,1997
39,Tennessee,Wheat,Drought,0.0,0.0,1997
47,Louisiana,Wheat,Drought,0.0,0.0,1997
41,New Mexico,Wheat,Drought,45897.0,4262.5388,1998
21,Indiana,Wheat,Drought,17911.0,437.37,1998
37,Oklahoma,Wheat,Drought,420906.16,21622.389698,1998
46,Arkansas,Wheat,Drought,9337.0,356.55,1998
6,Wyoming,Wheat,Drought,30530.6,843.86,1998
11,Oregon,Wheat,Drought,9393.6,125.1925,1998
38,North Carolina,Wheat,Drought,19411.2,1691.32,1998
5,South Dakota,Wheat,Drought,312094.92,10443.66189,1998
43,Mississippi,Wheat,Drought,769.0,85.05,1998
26,Illinois,Wheat,Drought,9892.0,89.0,1998
2,Montana,Wheat,Drought,15380116.82,540889.294382,1998
15,Nebraska,Wheat,Drought,213449.43,7366.09984,1998
33,Kansas,Wheat,Drought,295162.21,13311.16984,1998
10,Minnesota,Wheat,Drought,103096.74,2969.44765,1998
28,Delaware,Wheat,Drought,943.0,19.0,1998
44,Georgia,Wheat,Drought,17563.6,569.4,1998
7,Wisconsin,Wheat,Drought,36989.4,977.22,1998
42,Alabama,Wheat,Drought,3913.8,123.5,1998
13,Iowa,Wheat,Drought,9759.0,165.05,1998
25,Ohio,Wheat,Drought,18837.67,472.949,1998
49,Michigan,Wheat,Drought,412718.11,12388.355089,1998
40,Texas,Wheat,Drought,2850999.6,138583.78188,1998
31,Colorado,Wheat,Drought,448565.09,15035.313436,1998
1,Washington,Wheat,Drought,298531.83,5717.52781,1998
35,Missouri,Wheat,Drought,2310.96,197.8345,1998
45,South Carolina,Wheat,Drought,17965.0,1026.1,1998
4,North Dakota,Wheat,Drought,5107669.14,196774.300197,1998
48,Florida,Wheat,Drought,4380.0,125.0,1998
30,Maryland,Wheat,Drought,652.0,26.5,1998
47,Louisiana,Wheat,Drought,2333.0,86.342,1998
17,Pennsylvania,Wheat,Drought,6275.2,156.89,1998
34,Virginia,Wheat,Drought,33.0,15.0,1998
3,Maine,Wheat,Drought,0.0,0.0,1998
8,Idaho,Wheat,Drought,0.0,0.0,1998
9,Vermont,Wheat,Drought,0.0,0.0,1998
12,New Hampshire,Wheat,Drought,0.0,0.0,1998
14,Massachusetts,Wheat,Drought,0.0,0.0,1998
16,New York,Wheat,Drought,0.0,0.0,1998
18,Connecticut,Wheat,Drought,0.0,0.0,1998
19,Rhode Island,Wheat,Drought,0.0,0.0,1998
20,New Jersey,Wheat,Drought,0.0,0.0,1998
22,Nevada,Wheat,Drought,0.0,0.0,1998
23,Utah,Wheat,Drought,0.0,0.0,1998
24,California,Wheat,Drought,0.0,0.0,1998
29,West Virginia,Wheat,Drought,0.0,0.0,1998
32,Kentucky,Wheat,Drought,0.0,0.0,1998
36,Arizona,Wheat,Drought,0.0,0.0,1998
39,Tennessee,Wheat,Drought,0.0,0.0,1998
41,New Mexico,Wheat,Drought,25537.0,1389.0,1999
21,Indiana,Wheat,Drought,51206.84,789.36,1999
37,Oklahoma,Wheat,Drought,6367092.53,184122.75644,1999
46,Arkansas,Wheat,Drought,116116.0,1380.0,1999
6,Wyoming,Wheat,Drought,30820.0,2260.95904,1999
11,Oregon,Wheat,Drought,11162149.26,257043.237096,1999
38,North Carolina,Wheat,Drought,537932.47,11138.7779,1999
5,South Dakota,Wheat,Drought,176204.14,5359.19228,1999
43,Mississippi,Wheat,Drought,33315.0,487.4,1999
26,Illinois,Wheat,Drought,1369.0,104.65,1999
2,Montana,Wheat,Drought,14912635.06,632492.062875,1999
15,Nebraska,Wheat,Drought,93494.4,2466.2768,1999
33,Kansas,Wheat,Drought,265127.75,6601.811451,1999
10,Minnesota,Wheat,Drought,65786.9,1775.852,1999
28,Delaware,Wheat,Drought,937.0,48.31,1999
16,New York,Wheat,Drought,3323.0,81.1,1999
44,Georgia,Wheat,Drought,694178.0,16595.56,1999
24,California,Wheat,Drought,2209060.3,36222.488,1999
7,Wisconsin,Wheat,Drought,7365.0,214.2,1999
42,Alabama,Wheat,Drought,50389.0,1465.61,1999
25,Ohio,Wheat,Drought,54106.2,1395.037,1999
49,Michigan,Wheat,Drought,70402.11,2098.3,1999
40,Texas,Wheat,Drought,25852100.04,756177.457774,1999
31,Colorado,Wheat,Drought,352129.18,11098.897227,1999
1,Washington,Wheat,Drought,5235275.78,207300.893242,1999
35,Missouri,Wheat,Drought,13650.33,395.298,1999
32,Kentucky,Wheat,Drought,41082.0,1256.00062,1999
45,South Carolina,Wheat,Drought,401998.97,11105.341,1999
20,New Jersey,Wheat,Drought,8858.35,146.851,1999
4,North Dakota,Wheat,Drought,3142995.53,72644.009867,1999
39,Tennessee,Wheat,Drought,9599.0,153.95,1999
23,Utah,Wheat,Drought,32760.1,1939.928375,1999
48,Florida,Wheat,Drought,66812.3,1934.0,1999
30,Maryland,Wheat,Drought,25873.0,879.939,1999
47,Louisiana,Wheat,Drought,9201.58,329.494,1999
8,Idaho,Wheat,Drought,451989.7,13474.373885,1999
17,Pennsylvania,Wheat,Drought,47924.2,843.45,1999
34,Virginia,Wheat,Drought,817005.02,17631.871,1999
29,West Virginia,Wheat,Drought,4215.0,163.0,1999
3,Maine,Wheat,Drought,0.0,0.0,1999
9,Vermont,Wheat,Drought,0.0,0.0,1999
12,New Hampshire,Wheat,Drought,0.0,0.0,1999
13,Iowa,Wheat,Drought,0.0,0.0,1999
14,Massachusetts,Wheat,Drought,0.0,0.0,1999
18,Connecticut,Wheat,Drought,0.0,0.0,1999
19,Rhode Island,Wheat,Drought,0.0,0.0,1999
22,Nevada,Wheat,Drought,0.0,0.0,1999
36,Arizona,Wheat,Drought,0.0,0.0,1999
41,New Mexico,Wheat,Drought,1310526.37,79588.31581,2000
21,Indiana,Wheat,Drought,454642.8,7350.1578,2000
37,Oklahoma,Wheat,Drought,12960270.14,399681.472275,2000
46,Arkansas,Wheat,Drought,209082.31,3622.1778,2000
6,Wyoming,Wheat,Drought,603483.8,29084.505268,2000
11,Oregon,Wheat,Drought,14373339.64,270578.601154,2000
38,North Carolina,Wheat,Drought,326984.96,8445.788,2000
5,South Dakota,Wheat,Drought,2101542.86,59184.12314,2000
43,Mississippi,Wheat,Drought,390591.43,8801.575,2000
26,Illinois,Wheat,Drought,78318.73,1845.8798,2000
2,Montana,Wheat,Drought,28469438.82,1046836.577955,2000
15,Nebraska,Wheat,Drought,5388674.65,177915.552427,2000
33,Kansas,Wheat,Drought,18761121.76,637387.280319,2000
10,Minnesota,Wheat,Drought,424377.82,8699.2176,2000
44,Georgia,Wheat,Drought,587808.41,11324.046,2000
24,California,Wheat,Drought,6421883.48,89872.7071,2000
7,Wisconsin,Wheat,Drought,31683.0,503.4,2000
42,Alabama,Wheat,Drought,14970.2,638.1,2000
13,Iowa,Wheat,Drought,2317.6,93.38,2000
25,Ohio,Wheat,Drought,10404.0,235.95,2000
49,Michigan,Wheat,Drought,10980.36,224.1146,2000
40,Texas,Wheat,Drought,81433865.89,2149892.147009,2000
31,Colorado,Wheat,Drought,5040897.26,214244.449393,2000
1,Washington,Wheat,Drought,1955953.4,78883.984585,2000
35,Missouri,Wheat,Drought,460339.05,11037.33745,2000
32,Kentucky,Wheat,Drought,681945.42,10396.9397,2000
45,South Carolina,Wheat,Drought,214475.0,6183.94,2000
4,North Dakota,Wheat,Drought,5552407.53,123841.334633,2000
39,Tennessee,Wheat,Drought,112645.5,2198.035,2000
23,Utah,Wheat,Drought,102278.38,5832.1963,2000
48,Florida,Wheat,Drought,97435.0,2129.7,2000
30,Maryland,Wheat,Drought,2334.0,110.7,2000
47,Louisiana,Wheat,Drought,351342.6,6784.835,2000
8,Idaho,Wheat,Drought,743668.33,18618.121286,2000
17,Pennsylvania,Wheat,Drought,957.6,24.66,2000
34,Virginia,Wheat,Drought,126255.7,2305.24,2000
3,Maine,Wheat,Drought,0.0,0.0,2000
9,Vermont,Wheat,Drought,0.0,0.0,2000
12,New Hampshire,Wheat,Drought,0.0,0.0,2000
14,Massachusetts,Wheat,Drought,0.0,0.0,2000
16,New York,Wheat,Drought,0.0,0.0,2000
18,Connecticut,Wheat,Drought,0.0,0.0,2000
19,Rhode Island,Wheat,Drought,0.0,0.0,2000
20,New Jersey,Wheat,Drought,0.0,0.0,2000
22,Nevada,Wheat,Drought,0.0,0.0,2000
28,Delaware,Wheat,Drought,0.0,0.0,2000
29,West Virginia,Wheat,Drought,0.0,0.0,2000
36,Arizona,Wheat,Drought,0.0,0.0,2000
41,New Mexico,Wheat,Drought,32512.72,2529.1041,2001
21,Indiana,Wheat,Drought,63748.6,1860.12,2001
37,Oklahoma,Wheat,Drought,5825803.89,173477.3233,2001
46,Arkansas,Wheat,Drought,47455.75,1606.865,2001
6,Wyoming,Wheat,Drought,743755.87,28680.1214,2001
11,Oregon,Wheat,Drought,22834536.56,406769.9227,2001
38,North Carolina,Wheat,Drought,824109.42,18777.0405,2001
5,South Dakota,Wheat,Drought,1257050.46,42467.5104,2001
43,Mississippi,Wheat,Drought,48113.0,1201.58,2001
26,Illinois,Wheat,Drought,60136.8,1685.76,2001
2,Montana,Wheat,Drought,102712940.49,2282129.8155,2001
15,Nebraska,Wheat,Drought,2238415.81,87982.3902,2001
33,Kansas,Wheat,Drought,38562198.89,841835.4001,2001
10,Minnesota,Wheat,Drought,201122.3,6644.22,2001
28,Delaware,Wheat,Drought,2313.1,113.5,2001
16,New York,Wheat,Drought,1167.0,108.5,2001
44,Georgia,Wheat,Drought,76051.8,2021.76,2001
24,California,Wheat,Drought,1795522.75,50182.75,2001
7,Wisconsin,Wheat,Drought,54723.18,1270.25,2001
42,Alabama,Wheat,Drought,13292.4,301.48,2001
13,Iowa,Wheat,Drought,12294.4,361.0,2001
25,Ohio,Wheat,Drought,10480.5,295.4825,2001
49,Michigan,Wheat,Drought,70016.69,2063.136,2001
40,Texas,Wheat,Drought,4319308.81,144931.8787,2001
31,Colorado,Wheat,Drought,10888339.92,261381.2167,2001
1,Washington,Wheat,Drought,7937790.8,291333.7853,2001
35,Missouri,Wheat,Drought,103797.38,2125.0645,2001
32,Kentucky,Wheat,Drought,66444.1,1549.225,2001
45,South Carolina,Wheat,Drought,266403.5,6797.59,2001
20,New Jersey,Wheat,Drought,7501.0,373.55,2001
4,North Dakota,Wheat,Drought,2292689.19,95690.2985,2001
39,Tennessee,Wheat,Drought,148396.0,2714.405,2001
23,Utah,Wheat,Drought,334968.79,19510.3202,2001
48,Florida,Wheat,Drought,64097.0,1593.7,2001
30,Maryland,Wheat,Drought,63076.0,1216.65,2001
47,Louisiana,Wheat,Drought,6531.88,351.305,2001
8,Idaho,Wheat,Drought,1992210.03,66243.0214,2001
17,Pennsylvania,Wheat,Drought,82027.3,2079.08,2001
34,Virginia,Wheat,Drought,747972.2,13859.72,2001
3,Maine,Wheat,Drought,0.0,0.0,2001
9,Vermont,Wheat,Drought,0.0,0.0,2001
12,New Hampshire,Wheat,Drought,0.0,0.0,2001
14,Massachusetts,Wheat,Drought,0.0,0.0,2001
18,Connecticut,Wheat,Drought,0.0,0.0,2001
19,Rhode Island,Wheat,Drought,0.0,0.0,2001
22,Nevada,Wheat,Drought,0.0,0.0,2001
29,West Virginia,Wheat,Drought,0.0,0.0,2001
36,Arizona,Wheat,Drought,0.0,0.0,2001
41,New Mexico,Wheat,Drought,3089857.81,131162.574,2002
21,Indiana,Wheat,Drought,20024.65,539.45,2002
37,Oklahoma,Wheat,Drought,59897841.62,1484217.5179,2002
46,Arkansas,Wheat,Drought,76290.0,1189.81,2002
6,Wyoming,Wheat,Drought,2022275.3,76591.041,2002
11,Oregon,Wheat,Drought,47022776.0,599025.4197,2002
38,North Carolina,Wheat,Drought,1293263.12,30386.441,2002
5,South Dakota,Wheat,Drought,74442396.62,1405970.366,2002
26,Illinois,Wheat,Drought,5410.0,204.15,2002
2,Montana,Wheat,Drought,86831979.42,1963882.8823,2002
15,Nebraska,Wheat,Drought,13477494.34,450034.2999,2002
33,Kansas,Wheat,Drought,85989212.28,2287416.7321,2002
10,Minnesota,Wheat,Drought,904832.09,24430.345,2002
28,Delaware,Wheat,Drought,27.2,11.96,2002
16,New York,Wheat,Drought,6126.0,317.9,2002
44,Georgia,Wheat,Drought,381777.2,12746.583,2002
24,California,Wheat,Drought,3227669.08,75193.207,2002
7,Wisconsin,Wheat,Drought,100012.4,1780.283,2002
42,Alabama,Wheat,Drought,35880.0,1044.3,2002
13,Iowa,Wheat,Drought,2806.66,85.8,2002
25,Ohio,Wheat,Drought,12190.06,372.808,2002
49,Michigan,Wheat,Drought,66198.0,1696.4,2002
40,Texas,Wheat,Drought,55812854.86,1509374.7043,2002
31,Colorado,Wheat,Drought,43222681.9,1116994.904,2002
1,Washington,Wheat,Drought,8723218.36,288808.7259,2002
35,Missouri,Wheat,Drought,68519.3,1974.05,2002
32,Kentucky,Wheat,Drought,22445.0,542.25,2002
45,South Carolina,Wheat,Drought,672481.1,20964.22,2002
4,North Dakota,Wheat,Drought,80557389.66,1969864.0147,2002
39,Tennessee,Wheat,Drought,97965.1,1432.1125,2002
23,Utah,Wheat,Drought,1273836.14,41306.0463,2002
48,Florida,Wheat,Drought,73104.8,1959.6,2002
30,Maryland,Wheat,Drought,96692.0,1324.05,2002
47,Louisiana,Wheat,Drought,47974.98,1501.72,2002
8,Idaho,Wheat,Drought,2402627.01,79576.1651,2002
17,Pennsylvania,Wheat,Drought,43812.6,951.98,2002
34,Virginia,Wheat,Drought,452018.63,8443.6,2002
3,Maine,Wheat,Drought,0.0,0.0,2002
9,Vermont,Wheat,Drought,0.0,0.0,2002
12,New Hampshire,Wheat,Drought,0.0,0.0,2002
14,Massachusetts,Wheat,Drought,0.0,0.0,2002
18,Connecticut,Wheat,Drought,0.0,0.0,2002
19,Rhode Island,Wheat,Drought,0.0,0.0,2002
20,New Jersey,Wheat,Drought,0.0,0.0,2002
22,Nevada,Wheat,Drought,0.0,0.0,2002
29,West Virginia,Wheat,Drought,0.0,0.0,2002
36,Arizona,Wheat,Drought,0.0,0.0,2002
43,Mississippi,Wheat,Drought,0.0,0.0,2002
41,New Mexico,Wheat,Drought,4542350.41,153001.5849,2003
21,Indiana,Wheat,Drought,13455.4,195.48,2003
37,Oklahoma,Wheat,Drought,13253444.83,405814.495,2003
46,Arkansas,Wheat,Drought,21330.0,243.9,2003
6,Wyoming,Wheat,Drought,81828.4,3422.032,2003
11,Oregon,Wheat,Drought,32093407.18,488140.2655,2003
38,North Carolina,Wheat,Drought,14508.0,355.06,2003
5,South Dakota,Wheat,Drought,6143000.22,177586.842,2003
26,Illinois,Wheat,Drought,16486.0,631.21,2003
2,Montana,Wheat,Drought,26133723.86,954435.7593,2003
15,Nebraska,Wheat,Drought,2094345.04,60564.9343,2003
33,Kansas,Wheat,Drought,21500850.83,640201.4928,2003
10,Minnesota,Wheat,Drought,291640.5,7254.861,2003
44,Georgia,Wheat,Drought,2403.0,35.5,2003
24,California,Wheat,Drought,1589928.0,38391.35,2003
7,Wisconsin,Wheat,Drought,69032.7,1162.37,2003
13,Iowa,Wheat,Drought,32376.0,550.8,2003
25,Ohio,Wheat,Drought,1320.0,130.4,2003
49,Michigan,Wheat,Drought,152346.49,2756.0,2003
40,Texas,Wheat,Drought,30773973.41,972894.3646,2003
31,Colorado,Wheat,Drought,23440858.69,513961.1127,2003
1,Washington,Wheat,Drought,7578707.28,223948.462,2003
35,Missouri,Wheat,Drought,185006.04,2857.012,2003
4,North Dakota,Wheat,Drought,18280111.36,636560.0149,2003
23,Utah,Wheat,Drought,735220.6,30624.945,2003
47,Louisiana,Wheat,Drought,13176.8,328.29,2003
8,Idaho,Wheat,Drought,2374692.52,71901.6005,2003
34,Virginia,Wheat,Drought,3092.7,26.24,2003
3,Maine,Wheat,Drought,0.0,0.0,2003
9,Vermont,Wheat,Drought,0.0,0.0,2003
12,New Hampshire,Wheat,Drought,0.0,0.0,2003
14,Massachusetts,Wheat,Drought,0.0,0.0,2003
16,New York,Wheat,Drought,0.0,0.0,2003
17,Pennsylvania,Wheat,Drought,0.0,0.0,2003
18,Connecticut,Wheat,Drought,0.0,0.0,2003
19,Rhode Island,Wheat,Drought,0.0,0.0,2003
20,New Jersey,Wheat,Drought,0.0,0.0,2003
22,Nevada,Wheat,Drought,0.0,0.0,2003
28,Delaware,Wheat,Drought,0.0,0.0,2003
29,West Virginia,Wheat,Drought,0.0,0.0,2003
30,Maryland,Wheat,Drought,0.0,0.0,2003
32,Kentucky,Wheat,Drought,0.0,0.0,2003
36,Arizona,Wheat,Drought,0.0,0.0,2003
39,Tennessee,Wheat,Drought,0.0,0.0,2003
42,Alabama,Wheat,Drought,0.0,0.0,2003
43,Mississippi,Wheat,Drought,0.0,0.0,2003
45,South Carolina,Wheat,Drought,0.0,0.0,2003
48,Florida,Wheat,Drought,0.0,0.0,2003
41,New Mexico,Wheat,Drought,1447258.9,68027.928,2004
21,Indiana,Wheat,Drought,13426.0,523.04,2004
37,Oklahoma,Wheat,Drought,13514964.26,448901.7949,2004
46,Arkansas,Wheat,Drought,22292.0,540.47,2004
6,Wyoming,Wheat,Drought,590929.04,28078.0026,2004
11,Oregon,Wheat,Drought,4670023.58,123786.8644,2004
38,North Carolina,Wheat,Drought,418294.55,8957.72,2004
5,South Dakota,Wheat,Drought,19387920.39,446732.5688,2004
43,Mississippi,Wheat,Drought,7306.0,135.3,2004
26,Illinois,Wheat,Drought,14566.0,604.7,2004
2,Montana,Wheat,Drought,11461798.56,437680.5981,2004
15,Nebraska,Wheat,Drought,14530140.16,326643.279,2004
33,Kansas,Wheat,Drought,97171951.31,1853864.2444,2004
10,Minnesota,Wheat,Drought,48849.4,1148.15,2004
28,Delaware,Wheat,Drought,5324.0,197.5,2004
44,Georgia,Wheat,Drought,474157.5,11741.845,2004
24,California,Wheat,Drought,1824316.1,59204.15,2004
7,Wisconsin,Wheat,Drought,13072.45,590.541,2004
42,Alabama,Wheat,Drought,84740.99,1933.897,2004
25,Ohio,Wheat,Drought,19305.4,512.38,2004
49,Michigan,Wheat,Drought,10271.6,364.86,2004
40,Texas,Wheat,Drought,26869534.5,898404.1822,2004
31,Colorado,Wheat,Drought,42945494.11,879456.4645,2004
1,Washington,Wheat,Drought,2442602.38,101405.5112,2004
35,Missouri,Wheat,Drought,41381.0,1156.82,2004
45,South Carolina,Wheat,Drought,217394.2,5469.13,2004
4,North Dakota,Wheat,Drought,16239499.14,564774.4565,2004
39,Tennessee,Wheat,Drought,363.0,65.0,2004
23,Utah,Wheat,Drought,723746.87,20260.9015,2004
48,Florida,Wheat,Drought,21997.0,466.0,2004
30,Maryland,Wheat,Drought,7739.85,247.8,2004
47,Louisiana,Wheat,Drought,17505.8,512.557,2004
8,Idaho,Wheat,Drought,434655.4,22634.786,2004
34,Virginia,Wheat,Drought,7399.95,103.82,2004
3,Maine,Wheat,Drought,0.0,0.0,2004
9,Vermont,Wheat,Drought,0.0,0.0,2004
12,New Hampshire,Wheat,Drought,0.0,0.0,2004
13,Iowa,Wheat,Drought,0.0,0.0,2004
14,Massachusetts,Wheat,Drought,0.0,0.0,2004
16,New York,Wheat,Drought,0.0,0.0,2004
17,Pennsylvania,Wheat,Drought,0.0,0.0,2004
18,Connecticut,Wheat,Drought,0.0,0.0,2004
19,Rhode Island,Wheat,Drought,0.0,0.0,2004
20,New Jersey,Wheat,Drought,0.0,0.0,2004
22,Nevada,Wheat,Drought,0.0,0.0,2004
29,West Virginia,Wheat,Drought,0.0,0.0,2004
32,Kentucky,Wheat,Drought,0.0,0.0,2004
36,Arizona,Wheat,Drought,0.0,0.0,2004
41,New Mexico,Wheat,Drought,24213.0,1719.63,2005
21,Indiana,Wheat,Drought,23805.5,676.45,2005
37,Oklahoma,Wheat,Drought,7004357.64,300699.9149,2005
46,Arkansas,Wheat,Drought,25562.0,1077.03,2005
6,Wyoming,Wheat,Drought,221945.22,11890.0103,2005
11,Oregon,Wheat,Drought,16915050.81,232441.8413,2005
38,North Carolina,Wheat,Drought,132739.7,2752.91,2005
5,South Dakota,Wheat,Drought,2224865.46,90382.6215,2005
43,Mississippi,Wheat,Drought,7248.0,243.0,2005
26,Illinois,Wheat,Drought,78214.17,2668.87,2005
2,Montana,Wheat,Drought,2867437.98,128523.6924,2005
15,Nebraska,Wheat,Drought,3159684.2,94859.8423,2005
33,Kansas,Wheat,Drought,21378438.72,618097.6406,2005
10,Minnesota,Wheat,Drought,173032.33,4721.797,2005
16,New York,Wheat,Drought,8112.3,254.71,2005
44,Georgia,Wheat,Drought,19498.0,213.5,2005
24,California,Wheat,Drought,2789.45,181.395,2005
7,Wisconsin,Wheat,Drought,277615.68,6605.616,2005
42,Alabama,Wheat,Drought,10675.0,166.7,2005
13,Iowa,Wheat,Drought,1762.0,85.7,2005
25,Ohio,Wheat,Drought,72801.85,1895.665,2005
49,Michigan,Wheat,Drought,198673.95,4756.91,2005
40,Texas,Wheat,Drought,2892862.08,122785.443,2005
31,Colorado,Wheat,Drought,19515438.96,561283.257,2005
1,Washington,Wheat,Drought,6368050.56,169644.7436,2005
35,Missouri,Wheat,Drought,49116.2,1152.61,2005
32,Kentucky,Wheat,Drought,17320.1,293.22,2005
45,South Carolina,Wheat,Drought,16879.8,751.08,2005
4,North Dakota,Wheat,Drought,1412846.52,61167.5489,2005
23,Utah,Wheat,Drought,20855.9,828.5925,2005
30,Maryland,Wheat,Drought,3847.2,90.6,2005
47,Louisiana,Wheat,Drought,2778.0,61.45,2005
8,Idaho,Wheat,Drought,584155.48,12607.2499,2005
17,Pennsylvania,Wheat,Drought,32044.5,766.24,2005
34,Virginia,Wheat,Drought,36732.95,737.1,2005
3,Maine,Wheat,Drought,0.0,0.0,2005
9,Vermont,Wheat,Drought,0.0,0.0,2005
12,New Hampshire,Wheat,Drought,0.0,0.0,2005
14,Massachusetts,Wheat,Drought,0.0,0.0,2005
18,Connecticut,Wheat,Drought,0.0,0.0,2005
19,Rhode Island,Wheat,Drought,0.0,0.0,2005
20,New Jersey,Wheat,Drought,0.0,0.0,2005
22,Nevada,Wheat,Drought,0.0,0.0,2005
28,Delaware,Wheat,Drought,0.0,0.0,2005
29,West Virginia,Wheat,Drought,0.0,0.0,2005
36,Arizona,Wheat,Drought,0.0,0.0,2005
39,Tennessee,Wheat,Drought,0.0,0.0,2005
48,Florida,Wheat,Drought,0.0,0.0,2005
41,New Mexico,Wheat,Drought,6096205.71,159854.741,2006
21,Indiana,Wheat,Drought,2937.0,134.07,2006
37,Oklahoma,Wheat,Drought,96907867.3,2049587.963,2006
46,Arkansas,Wheat,Drought,750282.0,10676.726,2006
6,Wyoming,Wheat,Drought,543084.91,22890.4604,2006
11,Oregon,Wheat,Drought,1707407.67,35879.4647,2006
38,North Carolina,Wheat,Drought,384598.55,8854.5925,2006
5,South Dakota,Wheat,Drought,72547586.67,1292014.982,2006
43,Mississippi,Wheat,Drought,14660.0,568.1,2006
26,Illinois,Wheat,Drought,27121.0,630.81,2006
2,Montana,Wheat,Drought,29779272.61,1087189.7058,2006
15,Nebraska,Wheat,Drought,20851894.63,437882.2494,2006
33,Kansas,Wheat,Drought,127382821.87,2630349.1121,2006
10,Minnesota,Wheat,Drought,4087478.04,82600.08,2006
28,Delaware,Wheat,Drought,2575.0,76.2,2006
44,Georgia,Wheat,Drought,218434.2,4984.0,2006
24,California,Wheat,Drought,661135.2,23959.55,2006
7,Wisconsin,Wheat,Drought,94881.96,1897.525,2006
42,Alabama,Wheat,Drought,18076.0,513.8,2006
13,Iowa,Wheat,Drought,382.0,23.4,2006
25,Ohio,Wheat,Drought,8632.54,176.116,2006
49,Michigan,Wheat,Drought,16064.6,487.46,2006
40,Texas,Wheat,Drought,110607936.52,2357836.528,2006
31,Colorado,Wheat,Drought,45056337.53,1017299.0699,2006
1,Washington,Wheat,Drought,1329720.44,29188.6041,2006
35,Missouri,Wheat,Drought,2096562.15,36921.153,2006
32,Kentucky,Wheat,Drought,28832.0,265.52,2006
45,South Carolina,Wheat,Drought,107049.2,2655.55,2006
4,North Dakota,Wheat,Drought,79829235.84,1949426.0877,2006
39,Tennessee,Wheat,Drought,4639.0,180.57,2006
23,Utah,Wheat,Drought,363061.61,14195.1389,2006
48,Florida,Wheat,Drought,16761.0,671.5,2006
30,Maryland,Wheat,Drought,5585.0,230.4,2006
47,Louisiana,Wheat,Drought,604827.4,10291.04,2006
8,Idaho,Wheat,Drought,778122.3,23211.765,2006
17,Pennsylvania,Wheat,Drought,12414.24,253.147,2006
34,Virginia,Wheat,Drought,251532.36,4262.687,2006
3,Maine,Wheat,Drought,0.0,0.0,2006
9,Vermont,Wheat,Drought,0.0,0.0,2006
12,New Hampshire,Wheat,Drought,0.0,0.0,2006
14,Massachusetts,Wheat,Drought,0.0,0.0,2006
16,New York,Wheat,Drought,0.0,0.0,2006
18,Connecticut,Wheat,Drought,0.0,0.0,2006
19,Rhode Island,Wheat,Drought,0.0,0.0,2006
20,New Jersey,Wheat,Drought,0.0,0.0,2006
22,Nevada,Wheat,Drought,0.0,0.0,2006
29,West Virginia,Wheat,Drought,0.0,0.0,2006
36,Arizona,Wheat,Drought,0.0,0.0,2006
41,New Mexico,Wheat,Drought,102392.5,4055.65,2007
21,Indiana,Wheat,Drought,230447.61,3829.212,2007
37,Oklahoma,Wheat,Drought,14326344.3,153046.3698,2007
46,Arkansas,Wheat,Drought,111516.0,2489.01,2007
6,Wyoming,Wheat,Drought,382212.49,12679.8399,2007
11,Oregon,Wheat,Drought,7986190.97,89704.7223,2007
38,North Carolina,Wheat,Drought,613138.25,9307.291,2007
5,South Dakota,Wheat,Drought,7307134.83,153623.9267,2007
43,Mississippi,Wheat,Drought,18307.3,990.23,2007
26,Illinois,Wheat,Drought,112533.0,2133.93,2007
2,Montana,Wheat,Drought,17036580.78,406067.6792,2007
15,Nebraska,Wheat,Drought,1189733.79,26913.6546,2007
33,Kansas,Wheat,Drought,2428831.94,32487.7633,2007
10,Minnesota,Wheat,Drought,1577185.0,27514.5,2007
28,Delaware,Wheat,Drought,27979.7,358.975,2007
16,New York,Wheat,Drought,50698.83,1047.745,2007
44,Georgia,Wheat,Drought,1048470.19,15633.756,2007
24,California,Wheat,Drought,2286491.0,65217.57,2007
7,Wisconsin,Wheat,Drought,523989.3,7597.18,2007
42,Alabama,Wheat,Drought,72409.3,943.944,2007
13,Iowa,Wheat,Drought,5337.2,46.0,2007
25,Ohio,Wheat,Drought,253264.08,4774.796,2007
49,Michigan,Wheat,Drought,503003.66,8493.935,2007
40,Texas,Wheat,Drought,2508758.28,58167.7857,2007
31,Colorado,Wheat,Drought,1212527.9,33173.2362,2007
1,Washington,Wheat,Drought,5387588.16,96651.4269,2007
35,Missouri,Wheat,Drought,29210.95,527.7,2007
32,Kentucky,Wheat,Drought,2764.0,61.49,2007
45,South Carolina,Wheat,Drought,92077.95,2586.771,2007
20,New Jersey,Wheat,Drought,3903.0,86.6,2007
4,North Dakota,Wheat,Drought,6255850.96,146837.5448,2007
39,Tennessee,Wheat,Drought,570.0,33.94,2007
23,Utah,Wheat,Drought,558542.65,22928.1465,2007
48,Florida,Wheat,Drought,37425.0,578.3,2007
30,Maryland,Wheat,Drought,38816.85,579.82,2007
47,Louisiana,Wheat,Drought,29725.0,700.29,2007
8,Idaho,Wheat,Drought,3886361.2,67778.663,2007
17,Pennsylvania,Wheat,Drought,67579.4,1346.26,2007
34,Virginia,Wheat,Drought,76206.2,1089.42,2007
3,Maine,Wheat,Drought,0.0,0.0,2007
9,Vermont,Wheat,Drought,0.0,0.0,2007
12,New Hampshire,Wheat,Drought,0.0,0.0,2007
14,Massachusetts,Wheat,Drought,0.0,0.0,2007
18,Connecticut,Wheat,Drought,0.0,0.0,2007
19,Rhode Island,Wheat,Drought,0.0,0.0,2007
22,Nevada,Wheat,Drought,0.0,0.0,2007
29,West Virginia,Wheat,Drought,0.0,0.0,2007
36,Arizona,Wheat,Drought,0.0,0.0,2007
41,New Mexico,Wheat,Drought,13358580.6,204565.575,2008
21,Indiana,Wheat,Drought,16442.0,140.25,2008
37,Oklahoma,Wheat,Drought,33189809.44,397123.7275,2008
46,Arkansas,Wheat,Drought,22156.5,806.79,2008
6,Wyoming,Wheat,Drought,219156.25,6725.277,2008
11,Oregon,Wheat,Drought,23905612.93,283770.85,2008
38,North Carolina,Wheat,Drought,617776.6,6873.31,2008
5,South Dakota,Wheat,Drought,5788213.06,73233.1324,2008
43,Mississippi,Wheat,Drought,8468.2,169.1,2008
26,Illinois,Wheat,Drought,9524.0,44.8,2008
2,Montana,Wheat,Drought,60797751.87,974983.7316,2008
15,Nebraska,Wheat,Drought,1847863.32,30300.4718,2008
33,Kansas,Wheat,Drought,55576327.23,633049.3205,2008
10,Minnesota,Wheat,Drought,2761147.94,27582.092,2008
28,Delaware,Wheat,Drought,10184.27,147.886,2008
16,New York,Wheat,Drought,1060.0,30.0,2008
44,Georgia,Wheat,Drought,643079.93,7669.15,2008
24,California,Wheat,Drought,3507549.1,57139.445,2008
7,Wisconsin,Wheat,Drought,414029.26,4986.845,2008
42,Alabama,Wheat,Drought,258187.7,3535.395,2008
13,Iowa,Wheat,Drought,1990.4,34.08,2008
25,Ohio,Wheat,Drought,27096.4,358.3,2008
49,Michigan,Wheat,Drought,542919.55,4631.17,2008
40,Texas,Wheat,Drought,108212396.56,1452113.4179,2008
31,Colorado,Wheat,Drought,30442698.19,419387.2375,2008
1,Washington,Wheat,Drought,38006301.9,552105.9238,2008
35,Missouri,Wheat,Drought,22911.25,342.58,2008
32,Kentucky,Wheat,Drought,7856.4,89.57,2008
45,South Carolina,Wheat,Drought,323857.8,4182.41,2008
20,New Jersey,Wheat,Drought,3302.0,99.4,2008
4,North Dakota,Wheat,Drought,276362289.93,2278250.5239,2008
39,Tennessee,Wheat,Drought,58965.6,577.71,2008
23,Utah,Wheat,Drought,1002558.0,21329.522,2008
48,Florida,Wheat,Drought,15798.25,245.675,2008
30,Maryland,Wheat,Drought,2900.0,120.88,2008
47,Louisiana,Wheat,Drought,2438.0,42.3,2008
8,Idaho,Wheat,Drought,17209293.74,161071.4893,2008
17,Pennsylvania,Wheat,Drought,5949.0,75.1,2008
34,Virginia,Wheat,Drought,302004.77,2347.025,2008
3,Maine,Wheat,Drought,0.0,0.0,2008
9,Vermont,Wheat,Drought,0.0,0.0,2008
12,New Hampshire,Wheat,Drought,0.0,0.0,2008
14,Massachusetts,Wheat,Drought,0.0,0.0,2008
18,Connecticut,Wheat,Drought,0.0,0.0,2008
19,Rhode Island,Wheat,Drought,0.0,0.0,2008
22,Nevada,Wheat,Drought,0.0,0.0,2008
29,West Virginia,Wheat,Drought,0.0,0.0,2008
36,Arizona,Wheat,Drought,0.0,0.0,2008
41,New Mexico,Wheat,Drought,11851393.43,194530.4412,2009
21,Indiana,Wheat,Drought,20655.0,185.05,2009
37,Oklahoma,Wheat,Drought,169280716.91,1483191.8249,2009
46,Arkansas,Wheat,Drought,37322.0,271.14,2009
6,Wyoming,Wheat,Drought,19407.0,536.97,2009
11,Oregon,Wheat,Drought,40559036.29,259645.8768,2009
38,North Carolina,Wheat,Drought,1863940.71,20274.4665,2009
5,South Dakota,Wheat,Drought,9193286.76,131833.054,2009
43,Mississippi,Wheat,Drought,5680.0,142.375,2009
26,Illinois,Wheat,Drought,73966.0,629.84,2009
2,Montana,Wheat,Drought,24681357.29,387038.3566,2009
15,Nebraska,Wheat,Drought,894051.68,9202.4434,2009
33,Kansas,Wheat,Drought,21405186.01,243343.5746,2009
10,Minnesota,Wheat,Drought,1442800.67,21994.685,2009
44,Georgia,Wheat,Drought,28193.1,266.91,2009
24,California,Wheat,Drought,8927295.06,87719.652,2009
7,Wisconsin,Wheat,Drought,1725230.99,13662.13,2009
42,Alabama,Wheat,Drought,65391.6,504.98,2009
25,Ohio,Wheat,Drought,87217.43,812.265,2009
49,Michigan,Wheat,Drought,114629.58,1092.74,2009
40,Texas,Wheat,Drought,210217786.7,2466244.4521,2009
31,Colorado,Wheat,Drought,5756998.44,85276.5065,2009
1,Washington,Wheat,Drought,101635748.02,615310.7381,2009
32,Kentucky,Wheat,Drought,96804.8,352.88,2009
45,South Carolina,Wheat,Drought,72643.6,1051.33,2009
4,North Dakota,Wheat,Drought,1929786.1,41736.077,2009
39,Tennessee,Wheat,Drought,144989.0,881.0,2009
23,Utah,Wheat,Drought,282712.13,5120.817,2009
48,Florida,Wheat,Drought,27015.0,194.7,2009
30,Maryland,Wheat,Drought,13292.0,75.5,2009
47,Louisiana,Wheat,Drought,573434.0,2742.51,2009
8,Idaho,Wheat,Drought,6941154.05,27766.3812,2009
17,Pennsylvania,Wheat,Drought,22121.2,235.56,2009
34,Virginia,Wheat,Drought,219122.55,1790.337,2009
3,Maine,Wheat,Drought,0.0,0.0,2009
9,Vermont,Wheat,Drought,0.0,0.0,2009
12,New Hampshire,Wheat,Drought,0.0,0.0,2009
13,Iowa,Wheat,Drought,0.0,0.0,2009
14,Massachusetts,Wheat,Drought,0.0,0.0,2009
16,New York,Wheat,Drought,0.0,0.0,2009
18,Connecticut,Wheat,Drought,0.0,0.0,2009
19,Rhode Island,Wheat,Drought,0.0,0.0,2009
20,New Jersey,Wheat,Drought,0.0,0.0,2009
22,Nevada,Wheat,Drought,0.0,0.0,2009
28,Delaware,Wheat,Drought,0.0,0.0,2009
29,West Virginia,Wheat,Drought,0.0,0.0,2009
35,Missouri,Wheat,Drought,0.0,0.0,2009
36,Arizona,Wheat,Drought,0.0,0.0,2009
41,New Mexico,Wheat,Drought,211523.91,7205.455,2010
21,Indiana,Wheat,Drought,874.0,10.0,2010
37,Oklahoma,Wheat,Drought,6235195.86,153619.8514,2010
46,Arkansas,Wheat,Drought,14132.0,130.4375,2010
6,Wyoming,Wheat,Drought,7784.0,310.15,2010
11,Oregon,Wheat,Drought,849463.51,18494.76,2010
38,North Carolina,Wheat,Drought,2033363.82,30765.9977,2010
5,South Dakota,Wheat,Drought,624095.55,11139.06,2010
43,Mississippi,Wheat,Drought,137050.0,1282.2,2010
26,Illinois,Wheat,Drought,11232.0,76.0,2010
2,Montana,Wheat,Drought,274452.9,9567.794,2010
15,Nebraska,Wheat,Drought,8848.12,214.708,2010
33,Kansas,Wheat,Drought,2297784.77,78555.983,2010
10,Minnesota,Wheat,Drought,237807.46,3286.006,2010
28,Delaware,Wheat,Drought,4931.0,65.6,2010
44,Georgia,Wheat,Drought,37327.0,863.8,2010
24,California,Wheat,Drought,469111.3,15357.377,2010
7,Wisconsin,Wheat,Drought,41234.15,599.235,2010
42,Alabama,Wheat,Drought,25581.0,600.34,2010
25,Ohio,Wheat,Drought,5058.19,95.853,2010
49,Michigan,Wheat,Drought,69144.1,1035.38,2010
40,Texas,Wheat,Drought,3711871.83,104526.2396,2010
31,Colorado,Wheat,Drought,147605.55,7324.636,2010
1,Washington,Wheat,Drought,6255434.6,145756.3796,2010
3,Maine,Wheat,Drought,2228.0,69.4,2010
35,Missouri,Wheat,Drought,21754.0,473.25,2010
32,Kentucky,Wheat,Drought,22818.1,682.09,2010
45,South Carolina,Wheat,Drought,806698.87,14313.521,2010
20,New Jersey,Wheat,Drought,6927.0,119.6,2010
4,North Dakota,Wheat,Drought,539313.15,10747.878,2010
39,Tennessee,Wheat,Drought,2793.0,72.37,2010
23,Utah,Wheat,Drought,407767.55,19080.2285,2010
48,Florida,Wheat,Drought,1717.0,126.0,2010
30,Maryland,Wheat,Drought,54940.2,869.685,2010
47,Louisiana,Wheat,Drought,152449.81,2445.4506,2010
8,Idaho,Wheat,Drought,466054.39,13583.345,2010
17,Pennsylvania,Wheat,Drought,17544.5,471.25,2010
34,Virginia,Wheat,Drought,498486.47,8403.42,2010
9,Vermont,Wheat,Drought,0.0,0.0,2010
12,New Hampshire,Wheat,Drought,0.0,0.0,2010
13,Iowa,Wheat,Drought,0.0,0.0,2010
14,Massachusetts,Wheat,Drought,0.0,0.0,2010
16,New York,Wheat,Drought,0.0,0.0,2010
18,Connecticut,Wheat,Drought,0.0,0.0,2010
19,Rhode Island,Wheat,Drought,0.0,0.0,2010
22,Nevada,Wheat,Drought,0.0,0.0,2010
29,West Virginia,Wheat,Drought,0.0,0.0,2010
36,Arizona,Wheat,Drought,0.0,0.0,2010
41,New Mexico,Wheat,Drought,12822722.62,203049.065865,2011
21,Indiana,Wheat,Drought,749551.21,5378.41275,2011
37,Oklahoma,Wheat,Drought,147885925.88,1893950.206057,2011
46,Arkansas,Wheat,Drought,113940.05,1279.6855,2011
6,Wyoming,Wheat,Drought,131748.57,1518.687974,2011
38,North Carolina,Wheat,Drought,344943.8,5018.618,2011
5,South Dakota,Wheat,Drought,490888.98,9907.2501,2011
43,Mississippi,Wheat,Drought,11531.5,289.65,2011
26,Illinois,Wheat,Drought,812816.47,6104.591434,2011
2,Montana,Wheat,Drought,4036762.07,73800.775626,2011
15,Nebraska,Wheat,Drought,3623272.9,40424.977429,2011
33,Kansas,Wheat,Drought,170064430.63,1934465.33666,2011
10,Minnesota,Wheat,Drought,131906.58,1806.584,2011
28,Delaware,Wheat,Drought,46343.15,581.89,2011
16,New York,Wheat,Drought,3438.0,117.0,2011
44,Georgia,Wheat,Drought,636525.6,8248.17,2011
24,California,Wheat,Drought,517021.05,5143.04,2011
7,Wisconsin,Wheat,Drought,155217.16,1828.92,2011
42,Alabama,Wheat,Drought,184593.82,1765.35,2011
13,Iowa,Wheat,Drought,7297.0,84.0,2011
25,Ohio,Wheat,Drought,176769.85,2342.974,2011
49,Michigan,Wheat,Drought,69037.4,1013.8524,2011
40,Texas,Wheat,Drought,156522611.66,2098385.3899,2011
31,Colorado,Wheat,Drought,28955768.93,367879.426693,2011
1,Washington,Wheat,Drought,387341.55,4680.0336,2011
35,Missouri,Wheat,Drought,309498.25,2296.241131,2011
32,Kentucky,Wheat,Drought,653866.65,4489.8281,2011
45,South Carolina,Wheat,Drought,95759.29,849.964,2011
20,New Jersey,Wheat,Drought,28566.0,353.5,2011
4,North Dakota,Wheat,Drought,1271625.63,17429.1642,2011
39,Tennessee,Wheat,Drought,39186.76,357.9601,2011
23,Utah,Wheat,Drought,54095.8,1717.2899,2011
48,Florida,Wheat,Drought,48595.0,767.8,2011
30,Maryland,Wheat,Drought,105757.02,1532.788,2011
47,Louisiana,Wheat,Drought,626004.0,3431.7,2011
8,Idaho,Wheat,Drought,76231.8,1118.6724,2011
17,Pennsylvania,Wheat,Drought,10665.6,189.92,2011
34,Virginia,Wheat,Drought,106738.2,1327.5,2011
3,Maine,Wheat,Drought,0.0,0.0,2011
9,Vermont,Wheat,Drought,0.0,0.0,2011
11,Oregon,Wheat,Drought,0.0,0.0,2011
12,New Hampshire,Wheat,Drought,0.0,0.0,2011
14,Massachusetts,Wheat,Drought,0.0,0.0,2011
18,Connecticut,Wheat,Drought,0.0,0.0,2011
19,Rhode Island,Wheat,Drought,0.0,0.0,2011
22,Nevada,Wheat,Drought,0.0,0.0,2011
29,West Virginia,Wheat,Drought,0.0,0.0,2011
36,Arizona,Wheat,Drought,0.0,0.0,2011
41,New Mexico,Wheat,Drought,18283809.11,232904.910992,2012
21,Indiana,Wheat,Drought,430431.15,4154.5575,2012
37,Oklahoma,Wheat,Drought,21706990.24,320877.105165,2012
46,Arkansas,Wheat,Drought,183732.98,3326.483,2012
6,Wyoming,Wheat,Drought,1417561.62,22223.78361,2012
11,Oregon,Wheat,Drought,1582601.53,26994.648732,2012
38,North Carolina,Wheat,Drought,941449.9,8709.574,2012
5,South Dakota,Wheat,Drought,11311536.0,149721.105467,2012
43,Mississippi,Wheat,Drought,257268.25,3443.4955,2012
26,Illinois,Wheat,Drought,234767.9,2838.97785,2012
2,Montana,Wheat,Drought,29521497.17,475106.182873,2012
15,Nebraska,Wheat,Drought,5695189.88,94425.488741,2012
33,Kansas,Wheat,Drought,93045970.31,1106743.675722,2012
10,Minnesota,Wheat,Drought,1946027.7,22765.8317,2012
28,Delaware,Wheat,Drought,91271.37,1124.057,2012
16,New York,Wheat,Drought,6961.0,216.8,2012
44,Georgia,Wheat,Drought,1876292.15,17697.994,2012
24,California,Wheat,Drought,6021524.1,88273.947,2012
7,Wisconsin,Wheat,Drought,481244.67,4581.8743,2012
42,Alabama,Wheat,Drought,953975.02,7123.7425,2012
13,Iowa,Wheat,Drought,78974.0,538.6104,2012
25,Ohio,Wheat,Drought,122197.5,2067.8249,2012
49,Michigan,Wheat,Drought,728429.29,7234.42295,2012
40,Texas,Wheat,Drought,114367007.54,1311044.888886,2012
31,Colorado,Wheat,Drought,13361292.45,242770.857938,2012
1,Washington,Wheat,Drought,3970891.76,60437.211856,2012
3,Maine,Wheat,Drought,40035.0,375.3,2012
35,Missouri,Wheat,Drought,641789.04,5788.23737,2012
32,Kentucky,Wheat,Drought,1310987.0,13378.745625,2012
45,South Carolina,Wheat,Drought,293787.5,2825.842,2012
20,New Jersey,Wheat,Drought,28572.0,510.0,2012
4,North Dakota,Wheat,Drought,16447401.39,206413.301624,2012
39,Tennessee,Wheat,Drought,1483659.88,11284.038675,2012
23,Utah,Wheat,Drought,1267500.6,21893.353223,2012
48,Florida,Wheat,Drought,112633.53,875.094,2012
30,Maryland,Wheat,Drought,240136.89,2338.2275,2012
47,Louisiana,Wheat,Drought,90418.7,1413.17,2012
8,Idaho,Wheat,Drought,2609116.68,39604.31031,2012
17,Pennsylvania,Wheat,Drought,34688.0,280.7,2012
34,Virginia,Wheat,Drought,690763.35,8280.6151,2012
9,Vermont,Wheat,Drought,0.0,0.0,2012
12,New Hampshire,Wheat,Drought,0.0,0.0,2012
14,Massachusetts,Wheat,Drought,0.0,0.0,2012
18,Connecticut,Wheat,Drought,0.0,0.0,2012
19,Rhode Island,Wheat,Drought,0.0,0.0,2012
22,Nevada,Wheat,Drought,0.0,0.0,2012
29,West Virginia,Wheat,Drought,0.0,0.0,2012
36,Arizona,Wheat,Drought,0.0,0.0,2012
41,New Mexico,Wheat,Drought,16271106.13,209083.947935,2013
21,Indiana,Wheat,Drought,142570.5,899.4025,2013
37,Oklahoma,Wheat,Drought,148043650.35,1356521.085771,2013
46,Arkansas,Wheat,Drought,77688.0,677.2,2013
6,Wyoming,Wheat,Drought,4673580.65,55258.92862,2013
11,Oregon,Wheat,Drought,11583711.71,126767.592107,2013
38,North Carolina,Wheat,Drought,409177.4,2715.695,2013
5,South Dakota,Wheat,Drought,136632347.89,754497.838164,2013
43,Mississippi,Wheat,Drought,82234.0,296.44,2013
26,Illinois,Wheat,Drought,281571.1,2126.6118,2013
2,Montana,Wheat,Drought,7363299.53,109236.826326,2013
15,Nebraska,Wheat,Drought,84420127.44,617641.616318,2013
22,Nevada,Wheat,Drought,373981.0,732.1,2013
33,Kansas,Wheat,Drought,355733597.7,2843287.374494,2013
10,Minnesota,Wheat,Drought,2646596.45,23398.4027,2013
28,Delaware,Wheat,Drought,776.0,2.7,2013
44,Georgia,Wheat,Drought,436428.0,3460.6,2013
24,California,Wheat,Drought,8278569.0,79020.13,2013
7,Wisconsin,Wheat,Drought,536197.55,4091.57,2013
42,Alabama,Wheat,Drought,57816.0,576.94,2013
13,Iowa,Wheat,Drought,68599.0,301.8,2013
25,Ohio,Wheat,Drought,163183.0,1944.42,2013
49,Michigan,Wheat,Drought,290158.2,2033.59274,2013
40,Texas,Wheat,Drought,233594785.3,2495261.747263,2013
31,Colorado,Wheat,Drought,128426605.53,1095924.021501,2013
1,Washington,Wheat,Drought,8427353.41,105234.546131,2013
35,Missouri,Wheat,Drought,452031.41,4060.6687,2013
32,Kentucky,Wheat,Drought,42336.1,329.38,2013
45,South Carolina,Wheat,Drought,10792.0,87.475,2013
20,New Jersey,Wheat,Drought,1527.5,26.15,2013
4,North Dakota,Wheat,Drought,5532687.59,66254.2371,2013
39,Tennessee,Wheat,Drought,374266.4,3578.2275,2013
23,Utah,Wheat,Drought,2707227.97,39034.44994,2013
48,Florida,Wheat,Drought,34807.0,299.5,2013
30,Maryland,Wheat,Drought,2491.0,30.25,2013
47,Louisiana,Wheat,Drought,15216.0,151.7,2013
8,Idaho,Wheat,Drought,6700807.1,79929.175212,2013
17,Pennsylvania,Wheat,Drought,5730.0,45.7,2013
34,Virginia,Wheat,Drought,8186.15,69.225,2013
3,Maine,Wheat,Drought,0.0,0.0,2013
9,Vermont,Wheat,Drought,0.0,0.0,2013
12,New Hampshire,Wheat,Drought,0.0,0.0,2013
14,Massachusetts,Wheat,Drought,0.0,0.0,2013
16,New York,Wheat,Drought,0.0,0.0,2013
18,Connecticut,Wheat,Drought,0.0,0.0,2013
19,Rhode Island,Wheat,Drought,0.0,0.0,2013
29,West Virginia,Wheat,Drought,0.0,0.0,2013
36,Arizona,Wheat,Drought,0.0,0.0,2013
41,New Mexico,Wheat,Drought,10471211.86,177182.565061,2014
21,Indiana,Wheat,Drought,6112.0,28.4,2014
37,Oklahoma,Wheat,Drought,209820121.18,2355971.082535,2014
11,Oregon,Wheat,Drought,17473435.31,261860.935394,2014
38,North Carolina,Wheat,Drought,129703.65,1977.415,2014
5,South Dakota,Wheat,Drought,375623.34,8956.01692,2014
43,Mississippi,Wheat,Drought,619.5,7.8,2014
26,Illinois,Wheat,Drought,54139.22,762.6319,2014
2,Montana,Wheat,Drought,7281295.97,140943.721175,2014
15,Nebraska,Wheat,Drought,18355757.19,176539.636232,2014
33,Kansas,Wheat,Drought,295322250.12,3667122.288311,2014
10,Minnesota,Wheat,Drought,202517.63,2471.6312,2014
28,Delaware,Wheat,Drought,330.0,20.0,2014
44,Georgia,Wheat,Drought,5547.0,140.1,2014
24,California,Wheat,Drought,7247326.2,83278.45,2014
7,Wisconsin,Wheat,Drought,84412.46,775.778,2014
13,Iowa,Wheat,Drought,16012.1,95.82,2014
49,Michigan,Wheat,Drought,4094.15,30.895,2014
40,Texas,Wheat,Drought,169775931.25,2303860.823553,2014
31,Colorado,Wheat,Drought,26312737.99,359015.380188,2014
1,Washington,Wheat,Drought,65815915.35,902421.698673,2014
3,Maine,Wheat,Drought,1358.5,31.5,2014
35,Missouri,Wheat,Drought,422383.65,3678.87935,2014
32,Kentucky,Wheat,Drought,26272.05,430.8,2014
45,South Carolina,Wheat,Drought,43108.9,621.5526,2014
20,New Jersey,Wheat,Drought,799.0,6.6,2014
4,North Dakota,Wheat,Drought,433431.5,7157.87464,2014
39,Tennessee,Wheat,Drought,25638.0,189.985,2014
23,Utah,Wheat,Drought,480261.5,13745.2674,2014
30,Maryland,Wheat,Drought,68.0,48.4,2014
47,Louisiana,Wheat,Drought,139490.0,764.3,2014
8,Idaho,Wheat,Drought,4890707.73,65385.295829,2014
34,Virginia,Wheat,Drought,38201.35,708.925,2014
6,Wyoming,Wheat,Drought,0.0,0.0,2014
9,Vermont,Wheat,Drought,0.0,0.0,2014
12,New Hampshire,Wheat,Drought,0.0,0.0,2014
14,Massachusetts,Wheat,Drought,0.0,0.0,2014
16,New York,Wheat,Drought,0.0,0.0,2014
17,Pennsylvania,Wheat,Drought,0.0,0.0,2014
18,Connecticut,Wheat,Drought,0.0,0.0,2014
19,Rhode Island,Wheat,Drought,0.0,0.0,2014
22,Nevada,Wheat,Drought,0.0,0.0,2014
25,Ohio,Wheat,Drought,0.0,0.0,2014
29,West Virginia,Wheat,Drought,0.0,0.0,2014
36,Arizona,Wheat,Drought,0.0,0.0,2014
42,Alabama,Wheat,Drought,0.0,0.0,2014
46,Arkansas,Wheat,Drought,0.0,0.0,2014
48,Florida,Wheat,Drought,0.0,0.0,2014
41,New Mexico,Wheat,Drought,2153942.59,54311.792744,2015
37,Oklahoma,Wheat,Drought,49559533.27,915842.711029,2015
6,Wyoming,Wheat,Drought,14697.3,367.9,2015
11,Oregon,Wheat,Drought,17848264.73,248712.517934,2015
38,North Carolina,Wheat,Drought,150354.6,2393.765,2015
5,South Dakota,Wheat,Drought,43472506.35,348568.417234,2015
26,Illinois,Wheat,Drought,19736.5,156.6638,2015
2,Montana,Wheat,Drought,22789109.11,479738.447303,2015
15,Nebraska,Wheat,Drought,8006791.65,63779.599061,2015
33,Kansas,Wheat,Drought,112251563.13,1657126.454471,2015
10,Minnesota,Wheat,Drought,284834.15,4366.5712,2015
28,Delaware,Wheat,Drought,49208.4,567.3505,2015
44,Georgia,Wheat,Drought,183962.7,2053.812,2015
24,California,Wheat,Drought,772650.7,18603.34,2015
7,Wisconsin,Wheat,Drought,87762.6,969.73,2015
42,Alabama,Wheat,Drought,128227.89,1118.192,2015
13,Iowa,Wheat,Drought,12660.0,207.35,2015
25,Ohio,Wheat,Drought,172.6,5.0,2015
49,Michigan,Wheat,Drought,17879.5,211.15,2015
40,Texas,Wheat,Drought,26614904.74,476540.044666,2015
31,Colorado,Wheat,Drought,7330456.31,104709.135612,2015
1,Washington,Wheat,Drought,77141500.63,951680.86418,2015
35,Missouri,Wheat,Drought,12179.0,187.8591,2015
45,South Carolina,Wheat,Drought,123622.03,2578.114,2015
20,New Jersey,Wheat,Drought,81799.65,1214.624,2015
4,North Dakota,Wheat,Drought,4781712.46,82965.677505,2015
39,Tennessee,Wheat,Drought,2534.0,28.0,2015
23,Utah,Wheat,Drought,100135.1,4441.7066,2015
30,Maryland,Wheat,Drought,62050.85,1149.4182,2015
47,Louisiana,Wheat,Drought,14665.4,150.828,2015
8,Idaho,Wheat,Drought,15043448.71,150308.150948,2015
17,Pennsylvania,Wheat,Drought,90039.24,1067.209,2015
34,Virginia,Wheat,Drought,44261.25,713.425,2015
3,Maine,Wheat,Drought,0.0,0.0,2015
9,Vermont,Wheat,Drought,0.0,0.0,2015
12,New Hampshire,Wheat,Drought,0.0,0.0,2015
14,Massachusetts,Wheat,Drought,0.0,0.0,2015
16,New York,Wheat,Drought,0.0,0.0,2015
18,Connecticut,Wheat,Drought,0.0,0.0,2015
19,Rhode Island,Wheat,Drought,0.0,0.0,2015
21,Indiana,Wheat,Drought,0.0,0.0,2015
22,Nevada,Wheat,Drought,0.0,0.0,2015
29,West Virginia,Wheat,Drought,0.0,0.0,2015
32,Kentucky,Wheat,Drought,0.0,0.0,2015
36,Arizona,Wheat,Drought,0.0,0.0,2015
43,Mississippi,Wheat,Drought,0.0,0.0,2015
46,Arkansas,Wheat,Drought,0.0,0.0,2015
48,Florida,Wheat,Drought,0.0,0.0,2015
